  [ 
      {   "id":1,
          "Q":"The Instrument that measures and records the relative humidity of the air is ?",
          "options":["Hydrometer","Hygrometer","Lactometer","Barometer"],
          "answer":"Hygrometer",
          "type":"radio"
      },
      {
          "id":2,
          "Q":" Which of the following is true about ng-bind directive?",
          "options":["ng-bind directive binds the AngularJS Application data to HTML tags.",
          "ng-bind updates the model created by ng-model directive to be displayed in the html tag.",
          " ng-bind updates html control data when controller changes the model.",
          "All of the Above"],
          "answer":"All of the Above",
          "type":"radio"
      },
      {
         "id":3,
          "Q":"Which of the following is true about currency filter?",
          "options":[" Currency filter formats text in a currency format.","Currency filter is a function which takes text as input.","Both of the above.","None of the above."],
          "answer":"Currency filter is a function which takes text as input.",
          "type":"radio"
      },
       {   "id":4,
          "Q":"Are You Mentally ok?",
          "options":["No","yes","Maybe","Barometer"],
          "answer":"yes",
          "type":"radio"
      },

       {   "id":5,
          "Q":"Which Planet sustains Life on it?",
          "options":["Mars","jupiter","Neptune","Earth"],
          "answer":"Earth",
          "type":"radio"
      },
      {
          "id":6,
          "Q":"Which cities are in India?",
          "options":["New Delhi","Panipat","Lucknow","None of the above"],
          "answer":["New Delhi","Panipat","Lucknow"],
          "type":"checkbox"
      },
      {
          "id":7,
          "Q":"What things are you afraid of?",
          "options":["Dog","Cat","Cockroaches","Tiger"],
          "answer":["Cockroaches","Tiger"],
          "type":"checkbox"
      }

      
      
       
  ]